Handle,Title,Body (HTML),Vendor,Type,Tags,Published,Option1 Name,Option1 Value,Variant SKU,Variant Grams,Variant Inventory Tracker,Variant Inventory Policy,Variant Fulfillment Service,Variant Price,Variant Requires Shipping,Variant Taxable,Status
capte-clair-mt5,Capté MT5,"<p>Lunettes connectées à verres clairs pour votre quotidien. « Votre quotidien, capté. »</p><ul><li>Photo et vidéo en vue subjective, mains libres</li><li>Traduction par IA</li><li>Musique et appels</li><li>Assistant IA : posez vos questions à voix haute</li></ul><p>Caméra Sony 8 MP. Monture : Noir.</p>",Capté,Capté Clair,"Capté Clair, lunettes connectées",FALSE,Verres,Photochromiques,MT5-1,0,shopify,deny,manual,1000.00,TRUE,TRUE,draft
capte-clair-mt5,,,,,,,Verres,Noirs et clairs interchangeables,MT5-2,0,shopify,deny,manual,1000.00,TRUE,TRUE,
capte-clair-cl02,Capté CL02,"<p>Lunettes connectées à verres photochromiques pour votre quotidien. « Votre quotidien, capté. »</p><ul><li>Photo et vidéo en vue subjective, mains libres</li><li>Traduction par IA</li><li>Musique et appels</li><li>Assistant IA : posez vos questions à voix haute</li></ul><p>Caméra Sony 8 MP. Monture : Noir.</p>",Capté,Capté Clair,"Capté Clair, lunettes connectées",FALSE,Verres,Photochromiques,CL02-1,0,shopify,deny,manual,1000.00,TRUE,TRUE,draft
capte-clair-cl03,Capté CL03,"<p>Lunettes connectées à verres photochromiques pour votre quotidien. « Votre quotidien, capté. »</p><ul><li>Photo et vidéo en vue subjective, mains libres</li><li>Traduction par IA</li><li>Musique et appels</li><li>Assistant IA : posez vos questions à voix haute</li></ul><p>Caméra Sony 8 MP. Monture : Noir.</p>",Capté,Capté Clair,"Capté Clair, lunettes connectées",FALSE,Verres,Photochromiques,CL03-1,0,shopify,deny,manual,1000.00,TRUE,TRUE,draft
capte-glisse-g5max,Capté G5MAX,"<p>Lunettes-masque connectées pour filmer vos sorties. « Chaque piste, captée. »</p><ul><li>Photo et vidéo en vue subjective, mains libres</li><li>Traduction par IA</li><li>Musique et appels</li><li>Assistant IA : posez vos questions à voix haute</li></ul><p>Caméra 8 MP. Monture : Noir ou transparent.</p>",Capté,Capté Glisse,"Capté Glisse, lunettes connectées",FALSE,Verres,Bleu,G5MAX-1,0,shopify,deny,manual,1000.00,TRUE,TRUE,draft
capte-glisse-g5max,,,,,,,Verres,Orange,G5MAX-2,0,shopify,deny,manual,1000.00,TRUE,TRUE,
capte-glisse-g5max,,,,,,,Verres,Rose,G5MAX-3,0,shopify,deny,manual,1000.00,TRUE,TRUE,
capte-glisse-m95,Capté M95,"<p>Lunettes connectées sportives pour filmer vos sorties. « Chaque piste, captée. »</p><ul><li>Photo et vidéo en vue subjective, mains libres</li><li>Traduction par IA</li><li>Musique et appels</li><li>Assistant IA : posez vos questions à voix haute</li></ul><p>Caméra 8 MP. Monture : Blanc, noir ou orange.</p>",Capté,Capté Glisse,"Capté Glisse, lunettes connectées",FALSE,Coloris,Blanc,M95-1,0,shopify,deny,manual,1000.00,TRUE,TRUE,draft
capte-glisse-m95,,,,,,,Coloris,Noir,M95-2,0,shopify,deny,manual,1000.00,TRUE,TRUE,
capte-glisse-m95,,,,,,,Coloris,Orange,M95-3,0,shopify,deny,manual,1000.00,TRUE,TRUE,
capte-soleil-g2pro,Capté G2Pro,"<p>Lunettes de soleil connectées pour garder chaque été. « L'été, capté. »</p><ul><li>Photo et vidéo en vue subjective, mains libres</li><li>Traduction par IA</li><li>Musique et appels</li><li>Assistant IA : posez vos questions à voix haute</li></ul><p>Caméra 8 MP. Monture : Noir.</p>",Capté,Capté Soleil,"Capté Soleil, lunettes connectées",FALSE,Verres,Noirs,G2Pro-1,0,shopify,deny,manual,1000.00,TRUE,TRUE,draft
capte-soleil-g2pro,,,,,,,Verres,Blancs (photochromiques),G2Pro-2,0,shopify,deny,manual,1000.00,TRUE,TRUE,
capte-soleil-g2pro,,,,,,,Verres,Marron,G2Pro-3,0,shopify,deny,manual,1000.00,TRUE,TRUE,
